{
    "Fe": [
        76.0010935640539,
        20.401402335080892,
        3.1086166414718086,
        0.48888745939339356,
        0.0,
        0.0,
        0.0,
        0.0,
        0.0,
        0.0
    ],
    "Ti": [
        61.50172075520247,
        27.55942234087035,
        9.753626451384646,
        1.1852304525425363,
        0.0,
        0.0,
        0.0,
        0.0,
        0.0,
        0.0
    ],
    "Ca": [
        0.0,
        92.47370621723329,
        6.9167926409571905,
        0.6095011418095269,
        0.0,
        0.0,
        0.0,
        0.0,
        0.0,
        0.0
    ],
    "Si": [
        14.20185905889164,
        33.06262262391046,
        31.010581840403976,
        16.210478916728313,
        4.583319931813065,
        0.6850857161236371,
        0.19137370943359816,
        0.04663729053423821,
        0.008040912161075553,
        0.0
    ],
    "Al": [
        0.0,
        10.588273133704288,
        44.530571548036406,
        44.87954713582709,
        0.0016081824322151104,
        0.0,
        0.0,
        0.0,
        0.0,
        0.0
    ],
    "Mg": [
        9.128043485252967,
        23.198031584702967,
        34.04361390756167,
        33.63031102248239,
        0.0,
        0.0,
        0.0,
        0.0,
        0.0,
        0.0
    ],
    "Na": [
        100.0,
        0.0,
        0.0,
        0.0,
        0.0,
        0.0,
        0.0,
        0.0,
        0.0,
        0.0
    ],
    "Plagioclase Feldspar": [
        100.0,
        0.0,
        0.0,
        0.0,
        0.0,
        0.0,
        0.0,
        0.0,
        0.0,
        0.0
    ],
    "Olivine": [
        100.0,
        0.0,
        0.0,
        0.0,
        0.0,
        0.0,
        0.0,
        0.0,
        0.0,
        0.0
    ],
    "Ilmenite": [
        100.0,
        0.0,
        0.0,
        0.0,
        0.0,
        0.0,
        0.0,
        0.0,
        0.0,
        0.0
    ],
    "Armalcolite": [
        100.0,
        0.0,
        0.0,
        0.0,
        0.0,
        0.0,
        0.0,
        0.0,
        0.0,
        0.0
    ]
}