{
    "Fe": [
        76.0010935640539,
        20.401402335080892,
        3.1086166414718086,
        0.48888745939339356,
        0.0,
        0.0,
        0.0,
        0.0,
        0.0,
        0.0
    ],
    "Ti": [
        61.50172075520247,
        27.55942234087035,
        9.753626451384646,
        1.1852304525425363,
        0.0,
        0.0,
        0.0,
        0.0,
        0.0,
        0.0
    ],
    "Ca": [
        0.0,
        92.47370621723329,
        6.9167926409571905,
        0.6095011418095269,
        0.0,
        0.0,
        0.0,
        0.0,
        0.0,
        0.0
    ],
    "Si": [
        14.20185905889164,
        33.06262262391046,
        31.010581840403976,
        16.210478916728313,
        4.583319931813065,
        0.6850857161236371,
        0.19137370943359816,
        0.04663729053423821,
        0.008040912161075553,
        0.0
    ],
    "Al": [
        0.0,
        10.588273133704288,
        44.530571548036406,
        44.87954713582709,
        0.0016081824322151104,
        0.0,
        0.0,
        0.0,
        0.0,
        0.0
    ],
    "Mg": [
        9.128043485252967,
        23.198031584702967,
        34.04361390756167,
        33.63031102248239,
        0.0,
        0.0,
        0.0,
        0.0,
        0.0,
        0.0
    ],
    "Na": [
        100.0,
        0.0,
        0.0,
        0.0,
        0.0,
        0.0,
        0.0,
        0.0,
        0.0,
        0.0
    ],
    "Plagioclase Feldspar": [
        3.909841448541139,
        4.568908903274228,
        5.722863308002627,
        7.664884135472371,
        10.535697532601557,
        11.682615629984051,
        12.923351158645277,
        14.553429027113237,
        14.626137536354255,
        13.812271320011257
    ],
    "Olivine": [
        0.291811349668248,
        16.214277563130697,
        36.9426647755987,
        22.82486428326894,
        7.634371790482711,
        5.456383169495117,
        4.0071078071762765,
        3.097438907093135,
        2.4453465055998436,
        1.0857338484863306
    ],
    "Ilmenite": [
        6.448650825614177,
        7.8389045509464355,
        11.36045106725735,
        18.62746677406363,
        22.675795408779702,
        17.196939186467983,
        9.477245267821184,
        5.657672170761176,
        0.441401530406766,
        0.27547321788159485
    ],
    "Armalcolite": [
        6.493840661284616,
        7.899392107040622,
        11.390756167379628,
        18.67903895017851,
        22.816892348267988,
        17.30404297063459,
        9.369270850085234,
        5.508024830336754,
        0.32646103373966745,
        0.21228008105239457
    ]
}