{
    "Fe": [
        9.037190163231077,
        90.11447627591318,
        0.49534879185599784,
        0.35298476899974646,
        0.0,
        0.0,
        0.0,
        0.0,
        0.0,
        0.0
    ],
    "Ti": [
        95.77783411666049,
        1.404138307623301,
        2.1725139926282737,
        0.6455135830879342,
        0.0,
        0.0,
        0.0,
        0.0,
        0.0,
        0.0
    ],
    "Ca": [
        0.0,
        99.01515299256977,
        0.6143105095851942,
        0.3705364978450377,
        0.0,
        0.0,
        0.0,
        0.0,
        0.0,
        0.0
    ],
    "Si": [
        3.4420890457710085,
        2.9135869883183494,
        2.2388205238215964,
        1.5894065565458197,
        89.36170212765957,
        0.26717631686721144,
        0.13456325448056633,
        0.04290422606626753,
        0.009750960469606256,
        0.0
    ],
    "Al": [
        0.0,
        2.654211439826823,
        91.02326579168049,
        6.320572576398775,
        0.0019501920939212513,
        0.0,
        0.0,
        0.0,
        0.0,
        0.0
    ],
    "Mg": [
        2.2407707159155175,
        89.99941494237183,
        2.7595218128985706,
        5.0002925288140885,
        0.0,
        0.0,
        0.0,
        0.0,
        0.0,
        0.0
    ],
    "Na": [
        100.0,
        0.0,
        0.0,
        0.0,
        0.0,
        0.0,
        0.0,
        0.0,
        0.0,
        0.0
    ]
}