{
    "Fe": [
        72.980773856293,
        21.907220627615732,
        4.239693407950227,
        0.8723121081410452,
        0.0,
        0.0,
        0.0,
        0.0,
        0.0,
        0.0
    ],
    "Ti": [
        50.9661177300643,
        31.06649776309671,
        15.398553629555987,
        2.568830877283004,
        0.0,
        0.0,
        0.0,
        0.0,
        0.0,
        0.0
    ],
    "Ca": [
        0.0,
        89.25805365360871,
        9.563362891458077,
        1.1785834549332137,
        0.0,
        0.0,
        0.0,
        0.0,
        0.0,
        0.0
    ],
    "Si": [
        30.27917194490323,
        30.74739829706717,
        23.19644661097125,
        11.450699934255889,
        3.5742347225117457,
        0.5419880377788111,
        0.1603514904671039,
        0.041691387521447014,
        0.008017574523355194,
        0.0
    ],
    "Al": [
        0.0,
        9.463944967368471,
        40.48233728332505,
        50.052114234401806,
        0.001603514904671039,
        0.0,
        0.0,
        0.0,
        0.0,
        0.0
    ],
    "Mg": [
        7.815531645366644,
        20.15778586661963,
        34.3055978705322,
        37.721084617481516,
        0.0,
        0.0,
        0.0,
        0.0,
        0.0,
        0.0
    ],
    "Na": [
        100.0,
        0.0,
        0.0,
        0.0,
        0.0,
        0.0,
        0.0,
        0.0,
        0.0,
        0.0
    ]
}