{
    "Fe": [
        76.0010935640539,
        20.401402335080892,
        3.1086166414718086,
        0.48888745939339356,
        0.0,
        0.0,
        0.0,
        0.0,
        0.0,
        0.0
    ],
    "Ti": [
        61.50172075520247,
        27.55942234087035,
        9.753626451384646,
        1.1852304525425363,
        0.0,
        0.0,
        0.0,
        0.0,
        0.0,
        0.0
    ],
    "Ca": [
        0.0,
        92.47370621723329,
        6.9167926409571905,
        0.6095011418095269,
        0.0,
        0.0,
        0.0,
        0.0,
        0.0,
        0.0
    ],
    "Si": [
        14.20185905889164,
        33.06262262391046,
        31.010581840403976,
        16.210478916728313,
        4.583319931813065,
        0.6850857161236371,
        0.19137370943359816,
        0.04663729053423821,
        0.008040912161075553,
        0.0
    ],
    "Al": [
        0.0,
        10.588273133704288,
        44.530571548036406,
        44.87954713582709,
        0.0016081824322151104,
        0.0,
        0.0,
        0.0,
        0.0,
        0.0
    ],
    "Mg": [
        9.128043485252967,
        23.198031584702967,
        34.04361390756167,
        33.63031102248239,
        0.0,
        0.0,
        0.0,
        0.0,
        0.0,
        0.0
    ],
    "Na": [
        100.0,
        0.0,
        0.0,
        0.0,
        0.0,
        0.0,
        0.0,
        0.0,
        0.0,
        0.0
    ],
    "Plagioclase Feldspar": [
        5.813579492457625,
        9.17950532308385,
        15.234312180373742,
        18.839857193400018,
        19.499211990608213,
        14.957704802032742,
        9.364446302788588,
        4.560805377762053,
        2.25306358753337,
        0.29751374995979546
    ],
    "Olivine": [
        16.282847126177995,
        58.95918432987038,
        12.913704930687338,
        7.008459039593451,
        3.4833231481779294,
        0.7976584863786949,
        0.3071628445530861,
        0.14312823646714484,
        0.07719275674632531,
        0.027339101347656877
    ],
    "Ilmenite": [
        14.262969991315815,
        29.93631597568428,
        39.8041233797562,
        15.108873950660962,
        0.7156411823357242,
        0.08201730404297064,
        0.036988195940947544,
        0.036988195940947544,
        0.014473641889935994,
        0.0016081824322151104
    ]
}